<?xml version="1.0" encoding="UTF-8"?>
<spirit:component xmlns:xilinx="http://www.xilinx.com" xmlns:spirit="http://www.spiritconsortium.org/XMLSchema/SPIRIT/1685-2009" xmlns:xsi="http://www.w3.org/2001/XMLSchema-instance">
  <spirit:vendor>xilinx.com</spirit:vendor>
  <spirit:library>user</spirit:library>
  <spirit:name>multiplier_ip</spirit:name>
  <spirit:version>1.0</spirit:version>
  <spirit:busInterfaces>
    <spirit:busInterface>
      <spirit:name>S_AXI</spirit:name>
      <spirit:busType spirit:vendor="xilinx.com" spirit:library="interface" spirit:name="aximm" spirit:version="1.0"/>
      <spirit:abstractionType spirit:vendor="xilinx.com" spirit:library="interface" spirit:name="aximm_rtl" spirit:version="1.0"/>
      <spirit:slave>
        <spirit:memoryMapRef spirit:memoryMapRef="S_AXI"/>
      </spirit:slave>
      <spirit:portMaps>
        <spirit:portMap>
          <spirit:logicalPort>
            <spirit:name>AWADDR</spirit:name>
          </spirit:logicalPort>
          <spirit:physicalPort>
            <spirit:name>s_axi_awaddr</spirit:name>
          </spirit:physicalPort>
        </spirit:portMap>
        <spirit:portMap>
          <spirit:logicalPort>
            <spirit:name>AWPROT</spirit:name>
          </spirit:logicalPort>
          <spirit:physicalPort>
            <spirit:name>s_axi_awprot</spirit:name>
          </spirit:physicalPort>
        </spirit:portMap>
        <spirit:portMap>
          <spirit:logicalPort>
            <spirit:name>AWVALID</spirit:name>
          </spirit:logicalPort>
          <spirit:physicalPort>
            <spirit:name>s_axi_awvalid</spirit:name>
          </spirit:physicalPort>
        </spirit:portMap>
        <spirit:portMap>
          <spirit:logicalPort>
            <spirit:name>AWREADY</spirit:name>
          </spirit:logicalPort>
          <spirit:physicalPort>
            <spirit:name>s_axi_awready</spirit:name>
          </spirit:physicalPort>
        </spirit:portMap>
        <spirit:portMap>
          <spirit:logicalPort>
            <spirit:name>WDATA</spirit:name>
          </spirit:logicalPort>
          <spirit:physicalPort>
            <spirit:name>s_axi_wdata</spirit:name>
          </spirit:physicalPort>
        </spirit:portMap>
        <spirit:portMap>
          <spirit:logicalPort>
            <spirit:name>WSTRB</spirit:name>
          </spirit:logicalPort>
          <spirit:physicalPort>
            <spirit:name>s_axi_wstrb</spirit:name>
          </spirit:physicalPort>
        </spirit:portMap>
        <spirit:portMap>
          <spirit:logicalPort>
            <spirit:name>WVALID</spirit:name>
          </spirit:logicalPort>
          <spirit:physicalPort>
            <spirit:name>s_axi_wvalid</spirit:name>
          </spirit:physicalPort>
        </spirit:portMap>
        <spirit:portMap>
          <spirit:logicalPort>
            <spirit:name>WREADY</spirit:name>
          </spirit:logicalPort>
          <spirit:physicalPort>
            <spirit:name>s_axi_wready</spirit:name>
          </spirit:physicalPort>
        </spirit:portMap>
        <spirit:portMap>
          <spirit:logicalPort>
            <spirit:name>BRESP</spirit:name>
          </spirit:logicalPort>
          <spirit:physicalPort>
            <spirit:name>s_axi_bresp</spirit:name>
          </spirit:physicalPort>
        </spirit:portMap>
        <spirit:portMap>
          <spirit:logicalPort>
            <spirit:name>BVALID</spirit:name>
          </spirit:logicalPort>
          <spirit:physicalPort>
            <spirit:name>s_axi_bvalid</spirit:name>
          </spirit:physicalPort>
        </spirit:portMap>
        <spirit:portMap>
          <spirit:logicalPort>
            <spirit:name>BREADY</spirit:name>
          </spirit:logicalPort>
          <spirit:physicalPort>
            <spirit:name>s_axi_bready</spirit:name>
          </spirit:physicalPort>
        </spirit:portMap>
        <spirit:portMap>
          <spirit:logicalPort>
            <spirit:name>ARADDR</spirit:name>
          </spirit:logicalPort>
          <spirit:physicalPort>
            <spirit:name>s_axi_araddr</spirit:name>
          </spirit:physicalPort>
        </spirit:portMap>
        <spirit:portMap>
          <spirit:logicalPort>
            <spirit:name>ARPROT</spirit:name>
          </spirit:logicalPort>
          <spirit:physicalPort>
            <spirit:name>s_axi_arprot</spirit:name>
          </spirit:physicalPort>
        </spirit:portMap>
        <spirit:portMap>
          <spirit:logicalPort>
            <spirit:name>ARVALID</spirit:name>
          </spirit:logicalPort>
          <spirit:physicalPort>
            <spirit:name>s_axi_arvalid</spirit:name>
          </spirit:physicalPort>
        </spirit:portMap>
        <spirit:portMap>
          <spirit:logicalPort>
            <spirit:name>ARREADY</spirit:name>
          </spirit:logicalPort>
          <spirit:physicalPort>
            <spirit:name>s_axi_arready</spirit:name>
          </spirit:physicalPort>
        </spirit:portMap>
        <spirit:portMap>
          <spirit:logicalPort>
            <spirit:name>RDATA</spirit:name>
          </spirit:logicalPort>
          <spirit:physicalPort>
            <spirit:name>s_axi_rdata</spirit:name>
          </spirit:physicalPort>
        </spirit:portMap>
        <spirit:portMap>
          <spirit:logicalPort>
            <spirit:name>RRESP</spirit:name>
          </spirit:logicalPort>
          <spirit:physicalPort>
            <spirit:name>s_axi_rresp</spirit:name>
          </spirit:physicalPort>
        </spirit:portMap>
        <spirit:portMap>
          <spirit:logicalPort>
            <spirit:name>RVALID</spirit:name>
          </spirit:logicalPort>
          <spirit:physicalPort>
            <spirit:name>s_axi_rvalid</spirit:name>
          </spirit:physicalPort>
        </spirit:portMap>
        <spirit:portMap>
          <spirit:logicalPort>
            <spirit:name>RREADY</spirit:name>
          </spirit:logicalPort>
          <spirit:physicalPort>
            <spirit:name>s_axi_rready</spirit:name>
          </spirit:physicalPort>
        </spirit:portMap>
      </spirit:portMaps>
      <spirit:parameters>
        <spirit:parameter>
          <spirit:name>WIZ_DATA_WIDTH</spirit:name>
          <spirit:value spirit:format="long" spirit:id="BUSIFPARAM_VALUE.S_AXI.WIZ_DATA_WIDTH" spirit:choiceRef="choice_list_6fc15197">32</spirit:value>
        </spirit:parameter>
        <spirit:parameter>
          <spirit:name>WIZ_NUM_REG</spirit:name>
          <spirit:value spirit:format="long" spirit:id="BUSIFPARAM_VALUE.S_AXI.WIZ_NUM_REG" spirit:minimum="4" spirit:maximum="512" spirit:rangeType="long">5</spirit:value>
        </spirit:parameter>
        <spirit:parameter>
          <spirit:name>SUPPORTS_NARROW_BURST</spirit:name>
          <spirit:value spirit:format="long" spirit:id="BUSIFPARAM_VALUE.S_AXI.SUPPORTS_NARROW_BURST" spirit:choiceRef="choice_pairs_ce1226b1">0</spirit:value>
        </spirit:parameter>
      </spirit:parameters>
    </spirit:busInterface>
    <spirit:busInterface>
      <spirit:name>S_AXI_RST</spirit:name>
      <spirit:busType spirit:vendor="xilinx.com" spirit:library="signal" spirit:name="reset" spirit:version="1.0"/>
      <spirit:abstractionType spirit:vendor="xilinx.com" spirit:library="signal" spirit:name="reset_rtl" spirit:version="1.0"/>
      <spirit:slave/>
      <spirit:portMaps>
        <spirit:portMap>
          <spirit:logicalPort>
            <spirit:name>RST</spirit:name>
          </spirit:logicalPort>
          <spirit:physicalPort>
            <spirit:name>s_axi_aresetn</spirit:name>
          </spirit:physicalPort>
        </spirit:portMap>
      </spirit:portMaps>
      <spirit:parameters>
        <spirit:parameter>
          <spirit:name>POLARITY</spirit:name>
          <spirit:value spirit:id="BUSIFPARAM_VALUE.S_AXI_RST.POLARITY" spirit:choiceRef="choice_list_9d8b0d81">ACTIVE_LOW</spirit:value>
        </spirit:parameter>
      </spirit:parameters>
    </spirit:busInterface>
    <spirit:busInterface>
      <spirit:name>S_AXI_CLK</spirit:name>
      <spirit:busType spirit:vendor="xilinx.com" spirit:library="signal" spirit:name="clock" spirit:version="1.0"/>
      <spirit:abstractionType spirit:vendor="xilinx.com" spirit:library="signal" spirit:name="clock_rtl" spirit:version="1.0"/>
      <spirit:slave/>
      <spirit:portMaps>
        <spirit:portMap>
          <spirit:logicalPort>
            <spirit:name>CLK</spirit:name>
          </spirit:logicalPort>
          <spirit:physicalPort>
            <spirit:name>s_axi_aclk</spirit:name>
          </spirit:physicalPort>
        </spirit:portMap>
      </spirit:portMaps>
      <spirit:parameters>
        <spirit:parameter>
          <spirit:name>ASSOCIATED_BUSIF</spirit:name>
          <spirit:value spirit:id="BUSIFPARAM_VALUE.S_AXI_CLK.ASSOCIATED_BUSIF">S_AXI</spirit:value>
        </spirit:parameter>
        <spirit:parameter>
          <spirit:name>ASSOCIATED_RESET</spirit:name>
          <spirit:value spirit:id="BUSIFPARAM_VALUE.S_AXI_CLK.ASSOCIATED_RESET">s_axi_aresetn</spirit:value>
        </spirit:parameter>
      </spirit:parameters>
    </spirit:busInterface>
  </spirit:busInterfaces>
  <spirit:memoryMaps>
    <spirit:memoryMap>
      <spirit:name>S_AXI</spirit:name>
      <spirit:addressBlock>
        <spirit:name>S_AXI_reg</spirit:name>
        <spirit:baseAddress spirit:format="long" spirit:resolve="user">0</spirit:baseAddress>
        <spirit:range spirit:format="long">4096</spirit:range>
        <spirit:width spirit:format="long">32</spirit:width>
        <spirit:usage>register</spirit:usage>
        <spirit:parameters>
          <spirit:parameter>
            <spirit:name>OFFSET_BASE_PARAM</spirit:name>
            <spirit:value spirit:id="ADDRBLOCKPARAM_VALUE.S_AXI.S_AXI_REG.OFFSET_BASE_PARAM">C_S_AXI_BASEADDR</spirit:value>
          </spirit:parameter>
          <spirit:parameter>
            <spirit:name>OFFSET_HIGH_PARAM</spirit:name>
            <spirit:value spirit:id="ADDRBLOCKPARAM_VALUE.S_AXI.S_AXI_REG.OFFSET_HIGH_PARAM">C_S_AXI_HIGHADDR</spirit:value>
          </spirit:parameter>
        </spirit:parameters>
      </spirit:addressBlock>
    </spirit:memoryMap>
  </spirit:memoryMaps>
  <spirit:model>
    <spirit:views>
      <spirit:view>
        <spirit:name>xilinx_vhdlsynthesis</spirit:name>
        <spirit:displayName>VHDL Synthesis</spirit:displayName>
        <spirit:envIdentifier>vhdlSource:vivado.xilinx.com:synthesis</spirit:envIdentifier>
        <spirit:language>vhdl</spirit:language>
        <spirit:modelName>multiplier_ip_v1_0</spirit:modelName>
        <spirit:fileSetRef>
          <spirit:localName>xilinx_vhdlsynthesis_view_fileset</spirit:localName>
        </spirit:fileSetRef>
        <spirit:parameters>
          <spirit:parameter>
            <spirit:name>viewChecksum</spirit:name>
            <spirit:value>4ca58298</spirit:value>
          </spirit:parameter>
        </spirit:parameters>
      </spirit:view>
      <spirit:view>
        <spirit:name>xilinx_vhdlbehavioralsimulation</spirit:name>
        <spirit:displayName>VHDL Simulation</spirit:displayName>
        <spirit:envIdentifier>vhdlSource:vivado.xilinx.com:simulation</spirit:envIdentifier>
        <spirit:language>vhdl</spirit:language>
        <spirit:modelName>multiplier_ip_v1_0</spirit:modelName>
        <spirit:fileSetRef>
          <spirit:localName>xilinx_vhdlbehavioralsimulation_view_fileset</spirit:localName>
        </spirit:fileSetRef>
        <spirit:parameters>
          <spirit:parameter>
            <spirit:name>viewChecksum</spirit:name>
            <spirit:value>4ca58298</spirit:value>
          </spirit:parameter>
        </spirit:parameters>
      </spirit:view>
      <spirit:view>
        <spirit:name>xilinx_softwaredriver</spirit:name>
        <spirit:displayName>Software Driver</spirit:displayName>
        <spirit:envIdentifier>:vivado.xilinx.com:sw.driver</spirit:envIdentifier>
        <spirit:fileSetRef>
          <spirit:localName>xilinx_softwaredriver_view_fileset</spirit:localName>
        </spirit:fileSetRef>
        <spirit:parameters>
          <spirit:parameter>
            <spirit:name>viewChecksum</spirit:name>
            <spirit:value>70afc246</spirit:value>
          </spirit:parameter>
        </spirit:parameters>
      </spirit:view>
      <spirit:view>
        <spirit:name>xilinx_xpgui</spirit:name>
        <spirit:displayName>UI Layout</spirit:displayName>
        <spirit:envIdentifier>:vivado.xilinx.com:xgui.ui</spirit:envIdentifier>
        <spirit:fileSetRef>
          <spirit:localName>xilinx_xpgui_view_fileset</spirit:localName>
        </spirit:fileSetRef>
        <spirit:parameters>
          <spirit:parameter>
            <spirit:name>viewChecksum</spirit:name>
            <spirit:value>4990191e</spirit:value>
          </spirit:parameter>
        </spirit:parameters>
      </spirit:view>
      <spirit:view>
        <spirit:name>bd_tcl</spirit:name>
        <spirit:displayName>Block Diagram</spirit:displayName>
        <spirit:envIdentifier>:vivado.xilinx.com:block.diagram</spirit:envIdentifier>
        <spirit:fileSetRef>
          <spirit:localName>bd_tcl_view_fileset</spirit:localName>
        </spirit:fileSetRef>
        <spirit:parameters>
          <spirit:parameter>
            <spirit:name>viewChecksum</spirit:name>
            <spirit:value>16328387</spirit:value>
          </spirit:parameter>
        </spirit:parameters>
      </spirit:view>
    </spirit:views>
    <spirit:ports>
      <spirit:port>
        <spirit:name>LED_out</spirit:name>
        <spirit:wire>
          <spirit:direction>out</spirit:direction>
          <spirit:vector>
            <spirit:left spirit:format="long">7</spirit:left>
            <spirit:right spirit:format="long">0</spirit:right>
          </spirit:vector>
          <spirit:wireTypeDefs>
            <spirit:wireTypeDef>
              <spirit:typeName>std_logic_vector</spirit:typeName>
              <spirit:viewNameRef>xilinx_vhdlsynthesis</spirit:viewNameRef>
              <spirit:viewNameRef>xilinx_vhdlbehavioralsimulation</spirit:viewNameRef>
            </spirit:wireTypeDef>
          </spirit:wireTypeDefs>
        </spirit:wire>
      </spirit:port>
      <spirit:port>
        <spirit:name>s_axi_aclk</spirit:name>
        <spirit:wire>
          <spirit:direction>in</spirit:direction>
          <spirit:wireTypeDefs>
            <spirit:wireTypeDef>
              <spirit:typeName>std_logic</spirit:typeName>
              <spirit:viewNameRef>xilinx_vhdlsynthesis</spirit:viewNameRef>
              <spirit:viewNameRef>xilinx_vhdlbehavioralsimulation</spirit:viewNameRef>
            </spirit:wireTypeDef>
          </spirit:wireTypeDefs>
        </spirit:wire>
      </spirit:port>
      <spirit:port>
        <spirit:name>s_axi_aresetn</spirit:name>
        <spirit:wire>
          <spirit:direction>in</spirit:direction>
          <spirit:wireTypeDefs>
            <spirit:wireTypeDef>
              <spirit:typeName>std_logic</spirit:typeName>
              <spirit:viewNameRef>xilinx_vhdlsynthesis</spirit:viewNameRef>
              <spirit:viewNameRef>xilinx_vhdlbehavioralsimulation</spirit:viewNameRef>
            </spirit:wireTypeDef>
          </spirit:wireTypeDefs>
        </spirit:wire>
      </spirit:port>
      <spirit:port>
        <spirit:name>s_axi_awaddr</spirit:name>
        <spirit:wire>
          <spirit:direction>in</spirit:direction>
          <spirit:vector>
            <spirit:left spirit:format="long" spirit:resolve="dependent" spirit:dependency="(spirit:decode(id(&apos;MODELPARAM_VALUE.C_S_AXI_ADDR_WIDTH&apos;)) - 1)">4</spirit:left>
            <spirit:right spirit:format="long">0</spirit:right>
          </spirit:vector>
          <spirit:wireTypeDefs>
            <spirit:wireTypeDef>
              <spirit:typeName>std_logic_vector</spirit:typeName>
              <spirit:viewNameRef>xilinx_vhdlsynthesis</spirit:viewNameRef>
              <spirit:viewNameRef>xilinx_vhdlbehavioralsimulation</spirit:viewNameRef>
            </spirit:wireTypeDef>
          </spirit:wireTypeDefs>
        </spirit:wire>
      </spirit:port>
      <spirit:port>
        <spirit:name>s_axi_awprot</spirit:name>
        <spirit:wire>
          <spirit:direction>in</spirit:direction>
          <spirit:vector>
            <spirit:left spirit:format="long">2</spirit:left>
            <spirit:right spirit:format="long">0</spirit:right>
          </spirit:vector>
          <spirit:wireTypeDefs>
            <spirit:wireTypeDef>
              <spirit:typeName>std_logic_vector</spirit:typeName>
              <spirit:viewNameRef>xilinx_vhdlsynthesis</spirit:viewNameRef>
              <spirit:viewNameRef>xilinx_vhdlbehavioralsimulation</spirit:viewNameRef>
            </spirit:wireTypeDef>
          </spirit:wireTypeDefs>
        </spirit:wire>
      </spirit:port>
      <spirit:port>
        <spirit:name>s_axi_awvalid</spirit:name>
        <spirit:wire>
          <spirit:direction>in</spirit:direction>
          <spirit:wireTypeDefs>
            <spirit:wireTypeDef>
              <spirit:typeName>std_logic</spirit:typeName>
              <spirit:viewNameRef>xilinx_vhdlsynthesis</spirit:viewNameRef>
              <spirit:viewNameRef>xilinx_vhdlbehavioralsimulation</spirit:viewNameRef>
            </spirit:wireTypeDef>
          </spirit:wireTypeDefs>
        </spirit:wire>
      </spirit:port>
      <spirit:port>
        <spirit:name>s_axi_awready</spirit:name>
        <spirit:wire>
          <spirit:direction>out</spirit:direction>
          <spirit:wireTypeDefs>
            <spirit:wireTypeDef>
              <spirit:typeName>std_logic</spirit:typeName>
              <spirit:viewNameRef>xilinx_vhdlsynthesis</spirit:viewNameRef>
              <spirit:viewNameRef>xilinx_vhdlbehavioralsimulation</spirit:viewNameRef>
            </spirit:wireTypeDef>
          </spirit:wireTypeDefs>
        </spirit:wire>
      </spirit:port>
      <spirit:port>
        <spirit:name>s_axi_wdata</spirit:name>
        <spirit:wire>
          <spirit:direction>in</spirit:direction>
          <spirit:vector>
            <spirit:left spirit:format="long" spirit:resolve="dependent" spirit:dependency="(spirit:decode(id(&apos;MODELPARAM_VALUE.C_S_AXI_DATA_WIDTH&apos;)) - 1)">31</spirit:left>
            <spirit:right spirit:format="long">0</spirit:right>
          </spirit:vector>
          <spirit:wireTypeDefs>
            <spirit:wireTypeDef>
              <spirit:typeName>std_logic_vector</spirit:typeName>
              <spirit:viewNameRef>xilinx_vhdlsynthesis</spirit:viewNameRef>
              <spirit:viewNameRef>xilinx_vhdlbehavioralsimulation</spirit:viewNameRef>
            </spirit:wireTypeDef>
          </spirit:wireTypeDefs>
        </spirit:wire>
      </spirit:port>
      <spirit:port>
        <spirit:name>s_axi_wstrb</spirit:name>
        <spirit:wire>
          <spirit:direction>in</spirit:direction>
          <spirit:vector>
            <spirit:left spirit:format="long" spirit:resolve="dependent" spirit:dependency="((spirit:decode(id(&apos;MODELPARAM_VALUE.C_S_AXI_DATA_WIDTH&apos;)) / 8) - 1)">3</spirit:left>
            <spirit:right spirit:format="long">0</spirit:right>
          </spirit:vector>
          <spirit:wireTypeDefs>
            <spirit:wireTypeDef>
              <spirit:typeName>std_logic_vector</spirit:typeName>
              <spirit:viewNameRef>xilinx_vhdlsynthesis</spirit:viewNameRef>
              <spirit:viewNameRef>xilinx_vhdlbehavioralsimulation</spirit:viewNameRef>
            </spirit:wireTypeDef>
          </spirit:wireTypeDefs>
        </spirit:wire>
      </spirit:port>
      <spirit:port>
        <spirit:name>s_axi_wvalid</spirit:name>
        <spirit:wire>
          <spirit:direction>in</spirit:direction>
          <spirit:wireTypeDefs>
            <spirit:wireTypeDef>
              <spirit:typeName>std_logic</spirit:typeName>
              <spirit:viewNameRef>xilinx_vhdlsynthesis</spirit:viewNameRef>
              <spirit:viewNameRef>xilinx_vhdlbehavioralsimulation</spirit:viewNameRef>
            </spirit:wireTypeDef>
          </spirit:wireTypeDefs>
        </spirit:wire>
      </spirit:port>
      <spirit:port>
        <spirit:name>s_axi_wready</spirit:name>
        <spirit:wire>
          <spirit:direction>out</spirit:direction>
          <spirit:wireTypeDefs>
            <spirit:wireTypeDef>
              <spirit:typeName>std_logic</spirit:typeName>
              <spirit:viewNameRef>xilinx_vhdlsynthesis</spirit:viewNameRef>
              <spirit:viewNameRef>xilinx_vhdlbehavioralsimulation</spirit:viewNameRef>
            </spirit:wireTypeDef>
          </spirit:wireTypeDefs>
        </spirit:wire>
      </spirit:port>
      <spirit:port>
        <spirit:name>s_axi_bresp</spirit:name>
        <spirit:wire>
          <spirit:direction>out</spirit:direction>
          <spirit:vector>
            <spirit:left spirit:format="long">1</spirit:left>
            <spirit:right spirit:format="long">0</spirit:right>
          </spirit:vector>
          <spirit:wireTypeDefs>
            <spirit:wireTypeDef>
              <spirit:typeName>std_logic_vector</spirit:typeName>
              <spirit:viewNameRef>xilinx_vhdlsynthesis</spirit:viewNameRef>
              <spirit:viewNameRef>xilinx_vhdlbehavioralsimulation</spirit:viewNameRef>
            </spirit:wireTypeDef>
          </spirit:wireTypeDefs>
        </spirit:wire>
      </spirit:port>
      <spirit:port>
        <spirit:name>s_axi_bvalid</spirit:name>
        <spirit:wire>
          <spirit:direction>out</spirit:direction>
          <spirit:wireTypeDefs>
            <spirit:wireTypeDef>
              <spirit:typeName>std_logic</spirit:typeName>
              <spirit:viewNameRef>xilinx_vhdlsynthesis</spirit:viewNameRef>
              <spirit:viewNameRef>xilinx_vhdlbehavioralsimulation</spirit:viewNameRef>
            </spirit:wireTypeDef>
          </spirit:wireTypeDefs>
        </spirit:wire>
      </spirit:port>
      <spirit:port>
        <spirit:name>s_axi_bready</spirit:name>
        <spirit:wire>
          <spirit:direction>in</spirit:direction>
          <spirit:wireTypeDefs>
            <spirit:wireTypeDef>
              <spirit:typeName>std_logic</spirit:typeName>
              <spirit:viewNameRef>xilinx_vhdlsynthesis</spirit:viewNameRef>
              <spirit:viewNameRef>xilinx_vhdlbehavioralsimulation</spirit:viewNameRef>
            </spirit:wireTypeDef>
          </spirit:wireTypeDefs>
        </spirit:wire>
      </spirit:port>
      <spirit:port>
        <spirit:name>s_axi_araddr</spirit:name>
        <spirit:wire>
          <spirit:direction>in</spirit:direction>
          <spirit:vector>
            <spirit:left spirit:format="long" spirit:resolve="dependent" spirit:dependency="(spirit:decode(id(&apos;MODELPARAM_VALUE.C_S_AXI_ADDR_WIDTH&apos;)) - 1)">4</spirit:left>
            <spirit:right spirit:format="long">0</spirit:right>
          </spirit:vector>
          <spirit:wireTypeDefs>
            <spirit:wireTypeDef>
              <spirit:typeName>std_logic_vector</spirit:typeName>
              <spirit:viewNameRef>xilinx_vhdlsynthesis</spirit:viewNameRef>
              <spirit:viewNameRef>xilinx_vhdlbehavioralsimulation</spirit:viewNameRef>
            </spirit:wireTypeDef>
          </spirit:wireTypeDefs>
        </spirit:wire>
      </spirit:port>
      <spirit:port>
        <spirit:name>s_axi_arprot</spirit:name>
        <spirit:wire>
          <spirit:direction>in</spirit:direction>
          <spirit:vector>
            <spirit:left spirit:format="long">2</spirit:left>
            <spirit:right spirit:format="long">0</spirit:right>
          </spirit:vector>
          <spirit:wireTypeDefs>
            <spirit:wireTypeDef>
              <spirit:typeName>std_logic_vector</spirit:typeName>
              <spirit:viewNameRef>xilinx_vhdlsynthesis</spirit:viewNameRef>
              <spirit:viewNameRef>xilinx_vhdlbehavioralsimulation</spirit:viewNameRef>
            </spirit:wireTypeDef>
          </spirit:wireTypeDefs>
        </spirit:wire>
      </spirit:port>
      <spirit:port>
        <spirit:name>s_axi_arvalid</spirit:name>
        <spirit:wire>
          <spirit:direction>in</spirit:direction>
          <spirit:wireTypeDefs>
            <spirit:wireTypeDef>
              <spirit:typeName>std_logic</spirit:typeName>
              <spirit:viewNameRef>xilinx_vhdlsynthesis</spirit:viewNameRef>
              <spirit:viewNameRef>xilinx_vhdlbehavioralsimulation</spirit:viewNameRef>
            </spirit:wireTypeDef>
          </spirit:wireTypeDefs>
        </spirit:wire>
      </spirit:port>
      <spirit:port>
        <spirit:name>s_axi_arready</spirit:name>
        <spirit:wire>
          <spirit:direction>out</spirit:direction>
          <spirit:wireTypeDefs>
            <spirit:wireTypeDef>
              <spirit:typeName>std_logic</spirit:typeName>
              <spirit:viewNameRef>xilinx_vhdlsynthesis</spirit:viewNameRef>
              <spirit:viewNameRef>xilinx_vhdlbehavioralsimulation</spirit:viewNameRef>
            </spirit:wireTypeDef>
          </spirit:wireTypeDefs>
        </spirit:wire>
      </spirit:port>
      <spirit:port>
        <spirit:name>s_axi_rdata</spirit:name>
        <spirit:wire>
          <spirit:direction>out</spirit:direction>
          <spirit:vector>
            <spirit:left spirit:format="long" spirit:resolve="dependent" spirit:dependency="(spirit:decode(id(&apos;MODELPARAM_VALUE.C_S_AXI_DATA_WIDTH&apos;)) - 1)">31</spirit:left>
            <spirit:right spirit:format="long">0</spirit:right>
          </spirit:vector>
          <spirit:wireTypeDefs>
            <spirit:wireTypeDef>
              <spirit:typeName>std_logic_vector</spirit:typeName>
              <spirit:viewNameRef>xilinx_vhdlsynthesis</spirit:viewNameRef>
              <spirit:viewNameRef>xilinx_vhdlbehavioralsimulation</spirit:viewNameRef>
            </spirit:wireTypeDef>
          </spirit:wireTypeDefs>
        </spirit:wire>
      </spirit:port>
      <spirit:port>
        <spirit:name>s_axi_rresp</spirit:name>
        <spirit:wire>
          <spirit:direction>out</spirit:direction>
          <spirit:vector>
            <spirit:left spirit:format="long">1</spirit:left>
            <spirit:right spirit:format="long">0</spirit:right>
          </spirit:vector>
          <spirit:wireTypeDefs>
            <spirit:wireTypeDef>
              <spirit:typeName>std_logic_vector</spirit:typeName>
              <spirit:viewNameRef>xilinx_vhdlsynthesis</spirit:viewNameRef>
              <spirit:viewNameRef>xilinx_vhdlbehavioralsimulation</spirit:viewNameRef>
            </spirit:wireTypeDef>
          </spirit:wireTypeDefs>
        </spirit:wire>
      </spirit:port>
      <spirit:port>
        <spirit:name>s_axi_rvalid</spirit:name>
        <spirit:wire>
          <spirit:direction>out</spirit:direction>
          <spirit:wireTypeDefs>
            <spirit:wireTypeDef>
              <spirit:typeName>std_logic</spirit:typeName>
              <spirit:viewNameRef>xilinx_vhdlsynthesis</spirit:viewNameRef>
              <spirit:viewNameRef>xilinx_vhdlbehavioralsimulation</spirit:viewNameRef>
            </spirit:wireTypeDef>
          </spirit:wireTypeDefs>
        </spirit:wire>
      </spirit:port>
      <spirit:port>
        <spirit:name>s_axi_rready</spirit:name>
        <spirit:wire>
          <spirit:direction>in</spirit:direction>
          <spirit:wireTypeDefs>
            <spirit:wireTypeDef>
              <spirit:typeName>std_logic</spirit:typeName>
              <spirit:viewNameRef>xilinx_vhdlsynthesis</spirit:viewNameRef>
              <spirit:viewNameRef>xilinx_vhdlbehavioralsimulation</spirit:viewNameRef>
            </spirit:wireTypeDef>
          </spirit:wireTypeDefs>
        </spirit:wire>
      </spirit:port>
    </spirit:ports>
    <spirit:modelParameters>
      <spirit:modelParameter xsi:type="spirit:nameValueTypeType" spirit:dataType="integer">
        <spirit:name>C_S_AXI_DATA_WIDTH</spirit:name>
        <spirit:displayName>C S AXI DATA WIDTH</spirit:displayName>
        <spirit:description>Width of S_AXI data bus</spirit:description>
        <spirit:value spirit:format="long" spirit:resolve="generated" spirit:id="MODELPARAM_VALUE.C_S_AXI_DATA_WIDTH" spirit:order="3" spirit:rangeType="long">32</spirit:value>
      </spirit:modelParameter>
      <spirit:modelParameter spirit:dataType="integer">
        <spirit:name>C_S_AXI_ADDR_WIDTH</spirit:name>
        <spirit:displayName>C S AXI ADDR WIDTH</spirit:displayName>
        <spirit:description>Width of S_AXI address bus</spirit:description>
        <spirit:value spirit:format="long" spirit:resolve="generated" spirit:id="MODELPARAM_VALUE.C_S_AXI_ADDR_WIDTH" spirit:order="4" spirit:rangeType="long">5</spirit:value>
      </spirit:modelParameter>
      <spirit:modelParameter spirit:dataType="integer">
        <spirit:name>LED_WIDTH</spirit:name>
        <spirit:displayName>Led Width</spirit:displayName>
        <spirit:value spirit:format="long" spirit:resolve="generated" spirit:id="MODELPARAM_VALUE.LED_WIDTH">8</spirit:value>
      </spirit:modelParameter>
    </spirit:modelParameters>
  </spirit:model>
  <spirit:choices>
    <spirit:choice>
      <spirit:name>choice_list_6fc15197</spirit:name>
      <spirit:enumeration>32</spirit:enumeration>
    </spirit:choice>
    <spirit:choice>
      <spirit:name>choice_list_9d8b0d81</spirit:name>
      <spirit:enumeration>ACTIVE_HIGH</spirit:enumeration>
      <spirit:enumeration>ACTIVE_LOW</spirit:enumeration>
    </spirit:choice>
    <spirit:choice>
      <spirit:name>choice_pairs_ce1226b1</spirit:name>
      <spirit:enumeration spirit:text="true">1</spirit:enumeration>
      <spirit:enumeration spirit:text="false">0</spirit:enumeration>
    </spirit:choice>
  </spirit:choices>
  <spirit:fileSets>
    <spirit:fileSet>
      <spirit:name>xilinx_vhdlsynthesis_view_fileset</spirit:name>
      <spirit:file>
        <spirit:name>src/lab4_user_logic.vhd</spirit:name>
        <spirit:fileType>vhdlSource</spirit:fileType>
      </spirit:file>
      <spirit:file>
        <spirit:name>hdl/multiplier_ip_v1_0_S_AXI.vhd</spirit:name>
        <spirit:fileType>vhdlSource</spirit:fileType>
      </spirit:file>
      <spirit:file>
        <spirit:name>hdl/multiplier_ip_v1_0.vhd</spirit:name>
        <spirit:fileType>vhdlSource</spirit:fileType>
        <spirit:userFileType>CHECKSUM_1d0cd796</spirit:userFileType>
      </spirit:file>
    </spirit:fileSet>
    <spirit:fileSet>
      <spirit:name>xilinx_vhdlbehavioralsimulation_view_fileset</spirit:name>
      <spirit:file>
        <spirit:name>src/lab4_user_logic.vhd</spirit:name>
        <spirit:fileType>vhdlSource</spirit:fileType>
      </spirit:file>
      <spirit:file>
        <spirit:name>hdl/multiplier_ip_v1_0_S_AXI.vhd</spirit:name>
        <spirit:fileType>vhdlSource</spirit:fileType>
      </spirit:file>
      <spirit:file>
        <spirit:name>hdl/multiplier_ip_v1_0.vhd</spirit:name>
        <spirit:fileType>vhdlSource</spirit:fileType>
      </spirit:file>
    </spirit:fileSet>
    <spirit:fileSet>
      <spirit:name>xilinx_softwaredriver_view_fileset</spirit:name>
      <spirit:file>
        <spirit:name>drivers/multiplier_ip_v1_0/data/multiplier_ip.mdd</spirit:name>
        <spirit:userFileType>mdd</spirit:userFileType>
        <spirit:userFileType>driver_mdd</spirit:userFileType>
      </spirit:file>
      <spirit:file>
        <spirit:name>drivers/multiplier_ip_v1_0/data/multiplier_ip.tcl</spirit:name>
        <spirit:fileType>tclSource</spirit:fileType>
        <spirit:userFileType>driver_tcl</spirit:userFileType>
      </spirit:file>
      <spirit:file>
        <spirit:name>drivers/multiplier_ip_v1_0/src/Makefile</spirit:name>
        <spirit:userFileType>driver_src</spirit:userFileType>
      </spirit:file>
      <spirit:file>
        <spirit:name>drivers/multiplier_ip_v1_0/src/multiplier_ip.h</spirit:name>
        <spirit:fileType>cSource</spirit:fileType>
        <spirit:userFileType>driver_src</spirit:userFileType>
      </spirit:file>
      <spirit:file>
        <spirit:name>drivers/multiplier_ip_v1_0/src/multiplier_ip.c</spirit:name>
        <spirit:fileType>cSource</spirit:fileType>
        <spirit:userFileType>driver_src</spirit:userFileType>
      </spirit:file>
      <spirit:file>
        <spirit:name>drivers/multiplier_ip_v1_0/src/multiplier_ip_selftest.c</spirit:name>
        <spirit:fileType>cSource</spirit:fileType>
        <spirit:userFileType>driver_src</spirit:userFileType>
      </spirit:file>
    </spirit:fileSet>
    <spirit:fileSet>
      <spirit:name>xilinx_xpgui_view_fileset</spirit:name>
      <spirit:file>
        <spirit:name>xgui/multiplier_ip_v1_0.tcl</spirit:name>
        <spirit:fileType>tclSource</spirit:fileType>
        <spirit:userFileType>CHECKSUM_4990191e</spirit:userFileType>
        <spirit:userFileType>XGUI_VERSION_2</spirit:userFileType>
      </spirit:file>
    </spirit:fileSet>
    <spirit:fileSet>
      <spirit:name>bd_tcl_view_fileset</spirit:name>
      <spirit:file>
        <spirit:name>bd/bd.tcl</spirit:name>
        <spirit:fileType>tclSource</spirit:fileType>
      </spirit:file>
    </spirit:fileSet>
  </spirit:fileSets>
  <spirit:description>My new AXI MULTIPLIER IP</spirit:description>
  <spirit:parameters>
    <spirit:parameter>
      <spirit:name>C_S_AXI_DATA_WIDTH</spirit:name>
      <spirit:displayName>C S AXI DATA WIDTH</spirit:displayName>
      <spirit:description>Width of S_AXI data bus</spirit:description>
      <spirit:value spirit:format="long" spirit:resolve="user" spirit:id="PARAM_VALUE.C_S_AXI_DATA_WIDTH" spirit:choiceRef="choice_list_6fc15197" spirit:order="3">32</spirit:value>
      <spirit:vendorExtensions>
        <xilinx:parameterInfo>
          <xilinx:enablement>
            <xilinx:isEnabled xilinx:id="PARAM_ENABLEMENT.C_S_AXI_DATA_WIDTH">false</xilinx:isEnabled>
          </xilinx:enablement>
        </xilinx:parameterInfo>
      </spirit:vendorExtensions>
    </spirit:parameter>
    <spirit:parameter>
      <spirit:name>C_S_AXI_ADDR_WIDTH</spirit:name>
      <spirit:displayName>C S AXI ADDR WIDTH</spirit:displayName>
      <spirit:description>Width of S_AXI address bus</spirit:description>
      <spirit:value spirit:format="long" spirit:resolve="user" spirit:id="PARAM_VALUE.C_S_AXI_ADDR_WIDTH" spirit:order="4" spirit:rangeType="long">5</spirit:value>
      <spirit:vendorExtensions>
        <xilinx:parameterInfo>
          <xilinx:enablement>
            <xilinx:isEnabled xilinx:id="PARAM_ENABLEMENT.C_S_AXI_ADDR_WIDTH">false</xilinx:isEnabled>
          </xilinx:enablement>
        </xilinx:parameterInfo>
      </spirit:vendorExtensions>
    </spirit:parameter>
    <spirit:parameter>
      <spirit:name>C_S_AXI_BASEADDR</spirit:name>
      <spirit:displayName>C S AXI BASEADDR</spirit:displayName>
      <spirit:value spirit:format="bitString" spirit:resolve="user" spirit:id="PARAM_VALUE.C_S_AXI_BASEADDR" spirit:order="5" spirit:bitStringLength="32">0xFFFFFFFF</spirit:value>
      <spirit:vendorExtensions>
        <xilinx:parameterInfo>
          <xilinx:enablement>
            <xilinx:isEnabled xilinx:id="PARAM_ENABLEMENT.C_S_AXI_BASEADDR">false</xilinx:isEnabled>
          </xilinx:enablement>
        </xilinx:parameterInfo>
      </spirit:vendorExtensions>
    </spirit:parameter>
    <spirit:parameter>
      <spirit:name>C_S_AXI_HIGHADDR</spirit:name>
      <spirit:displayName>C S AXI HIGHADDR</spirit:displayName>
      <spirit:value spirit:format="bitString" spirit:resolve="user" spirit:id="PARAM_VALUE.C_S_AXI_HIGHADDR" spirit:order="6" spirit:bitStringLength="32">0x00000000</spirit:value>
      <spirit:vendorExtensions>
        <xilinx:parameterInfo>
          <xilinx:enablement>
            <xilinx:isEnabled xilinx:id="PARAM_ENABLEMENT.C_S_AXI_HIGHADDR">false</xilinx:isEnabled>
          </xilinx:enablement>
        </xilinx:parameterInfo>
      </spirit:vendorExtensions>
    </spirit:parameter>
    <spirit:parameter>
      <spirit:name>Component_Name</spirit:name>
      <spirit:value spirit:resolve="user" spirit:id="PARAM_VALUE.Component_Name" spirit:order="1">multiplier_ip_v1_0</spirit:value>
    </spirit:parameter>
    <spirit:parameter>
      <spirit:name>LED_WIDTH</spirit:name>
      <spirit:displayName>Led Width</spirit:displayName>
      <spirit:value spirit:format="long" spirit:resolve="user" spirit:id="PARAM_VALUE.LED_WIDTH">8</spirit:value>
    </spirit:parameter>
  </spirit:parameters>
  <spirit:vendorExtensions>
    <xilinx:coreExtensions>
      <xilinx:supportedFamilies>
        <xilinx:family xilinx:lifeCycle="Pre-Production">zynq</xilinx:family>
      </xilinx:supportedFamilies>
      <xilinx:taxonomies>
        <xilinx:taxonomy>/Basic_Elements</xilinx:taxonomy>
      </xilinx:taxonomies>
      <xilinx:displayName>multiplier_ip_v1.0</xilinx:displayName>
      <xilinx:coreRevision>7</xilinx:coreRevision>
      <xilinx:coreCreationDateTime>2022-03-28T10:11:22Z</xilinx:coreCreationDateTime>
      <xilinx:tags>
        <xilinx:tag xilinx:name="ui.data.coregen.df@5c2f10bd_ARCHIVE_LOCATION">c:/Users/kerem/Desktop/SoC/LAB/LAB4TASKIP/ip_repo/multiplier_ip_1.0</xilinx:tag>
        <xilinx:tag xilinx:name="ui.data.coregen.df@5f81ae14_ARCHIVE_LOCATION">c:/Users/kerem/Desktop/SoC/LAB/LAB4TASKIP/ip_repo/multiplier_ip_1.0</xilinx:tag>
        <xilinx:tag xilinx:name="ui.data.coregen.df@19fc1f55_ARCHIVE_LOCATION">c:/Users/kerem/Desktop/SoC/LAB/LAB4TASKIP/ip_repo/multiplier_ip_1.0</xilinx:tag>
        <xilinx:tag xilinx:name="ui.data.coregen.df@6f72cb2e_ARCHIVE_LOCATION">c:/Users/kerem/Desktop/SoC/LAB/LAB4TASKIP/ip_repo/multiplier_ip_1.0</xilinx:tag>
        <xilinx:tag xilinx:name="ui.data.coregen.df@5c67f74b_ARCHIVE_LOCATION">c:/Users/kerem/Desktop/SoC/LAB/LAB4TASKIP/ip_repo/multiplier_ip_1.0</xilinx:tag>
        <xilinx:tag xilinx:name="ui.data.coregen.df@7f0c71b7_ARCHIVE_LOCATION">c:/Users/kerem/Desktop/SoC/LAB/LAB4TASKIP/ip_repo/multiplier_ip_1.0</xilinx:tag>
        <xilinx:tag xilinx:name="ui.data.coregen.df@6fa8349f_ARCHIVE_LOCATION">c:/Users/kerem/Desktop/SoC/LAB/LAB4TASKIP/ip_repo/multiplier_ip_1.0</xilinx:tag>
        <xilinx:tag xilinx:name="ui.data.coregen.df@5dc10b03_ARCHIVE_LOCATION">c:/Users/kerem/Desktop/SoC/LAB/LAB4TASKIP/ip_repo/multiplier_ip_1.0</xilinx:tag>
        <xilinx:tag xilinx:name="ui.data.coregen.df@605f870c_ARCHIVE_LOCATION">c:/Users/kerem/Desktop/SoC/LAB/LAB4TASKIP/ip_repo/multiplier_ip_1.0</xilinx:tag>
        <xilinx:tag xilinx:name="ui.data.coregen.df@3b82677_ARCHIVE_LOCATION">c:/Users/kerem/Desktop/SoC/LAB/LAB4TASKIP/ip_repo/multiplier_ip_1.0</xilinx:tag>
        <xilinx:tag xilinx:name="ui.data.coregen.df@618eb73b_ARCHIVE_LOCATION">c:/Users/kerem/Desktop/SoC/LAB/LAB4TASKIP/ip_repo/multiplier_ip_1.0</xilinx:tag>
        <xilinx:tag xilinx:name="ui.data.coregen.df@6dd43c5a_ARCHIVE_LOCATION">c:/Users/kerem/Desktop/SoC/LAB/LAB4TASKIP/ip_repo/multiplier_ip_1.0</xilinx:tag>
        <xilinx:tag xilinx:name="ui.data.coregen.df@1ba24968_ARCHIVE_LOCATION">c:/Users/kerem/Desktop/SoC/LAB/LAB4TASKIP/ip_repo/multiplier_ip_1.0</xilinx:tag>
        <xilinx:tag xilinx:name="ui.data.coregen.df@152c590e_ARCHIVE_LOCATION">c:/Users/kerem/Desktop/SoC/LAB/LAB4TASKIP/ip_repo/multiplier_ip_1.0</xilinx:tag>
        <xilinx:tag xilinx:name="ui.data.coregen.df@7bf6a2c2_ARCHIVE_LOCATION">c:/Users/kerem/Desktop/SoC/LAB/LAB4TASKIP/ip_repo/multiplier_ip_1.0</xilinx:tag>
        <xilinx:tag xilinx:name="ui.data.coregen.df@a1ae0dd_ARCHIVE_LOCATION">c:/Users/kerem/Desktop/SoC/LAB/LAB4TASKIP/ip_repo/multiplier_ip_1.0</xilinx:tag>
        <xilinx:tag xilinx:name="ui.data.coregen.df@536f7b12_ARCHIVE_LOCATION">c:/Users/kerem/Desktop/SoC/LAB/LAB4TASKIP/ip_repo/multiplier_ip_1.0</xilinx:tag>
        <xilinx:tag xilinx:name="ui.data.coregen.df@784da975_ARCHIVE_LOCATION">c:/Users/kerem/Desktop/SoC/LAB/LAB4TASKIP/ip_repo/multiplier_ip_1.0</xilinx:tag>
        <xilinx:tag xilinx:name="ui.data.coregen.df@68da9abe_ARCHIVE_LOCATION">c:/Users/kerem/Desktop/SoC/LAB/LAB4TASKIP/ip_repo/multiplier_ip_1.0</xilinx:tag>
        <xilinx:tag xilinx:name="ui.data.coregen.df@5bbc1b20_ARCHIVE_LOCATION">c:/Users/kerem/Desktop/SoC/LAB/LAB4TASKIP/ip_repo/multiplier_ip_1.0</xilinx:tag>
        <xilinx:tag xilinx:name="ui.data.coregen.df@1b042d01_ARCHIVE_LOCATION">c:/Users/kerem/Desktop/SoC/LAB/LAB4TASKIP/ip_repo/multiplier_ip_1.0</xilinx:tag>
        <xilinx:tag xilinx:name="ui.data.coregen.df@535eb0e7_ARCHIVE_LOCATION">c:/Users/kerem/Desktop/SoC/LAB/LAB4TASKIP/ip_repo/multiplier_ip_1.0</xilinx:tag>
        <xilinx:tag xilinx:name="ui.data.coregen.df@60ec3096_ARCHIVE_LOCATION">c:/Users/kerem/Desktop/SoC/LAB/LAB4TASKIP/ip_repo/multiplier_ip_1.0</xilinx:tag>
        <xilinx:tag xilinx:name="ui.data.coregen.df@415c3a6d_ARCHIVE_LOCATION">c:/Users/kerem/Desktop/SoC/LAB/LAB4TASKIP/ip_repo/multiplier_ip_1.0</xilinx:tag>
        <xilinx:tag xilinx:name="ui.data.coregen.df@5099e12b_ARCHIVE_LOCATION">c:/Users/kerem/Desktop/SoC/LAB/LAB4TASKIP/ip_repo/multiplier_ip_1.0</xilinx:tag>
        <xilinx:tag xilinx:name="ui.data.coregen.df@3453e5cb_ARCHIVE_LOCATION">c:/Users/kerem/Desktop/SoC/LAB/LAB4TASKIP/ip_repo/multiplier_ip_1.0</xilinx:tag>
        <xilinx:tag xilinx:name="ui.data.coregen.df@2eca2a6c_ARCHIVE_LOCATION">c:/Users/kerem/Desktop/SoC/LAB/LAB4TASKIP/ip_repo/multiplier_ip_1.0</xilinx:tag>
        <xilinx:tag xilinx:name="ui.data.coregen.df@5f67918_ARCHIVE_LOCATION">c:/Users/kerem/Desktop/SoC/LAB/LAB4TASKIP/ip_repo/multiplier_ip_1.0</xilinx:tag>
        <xilinx:tag xilinx:name="ui.data.coregen.df@464beaa8_ARCHIVE_LOCATION">c:/Users/kerem/Desktop/SoC/LAB/LAB4TASKIP/ip_repo/multiplier_ip_1.0</xilinx:tag>
        <xilinx:tag xilinx:name="ui.data.coregen.df@6c8acaf_ARCHIVE_LOCATION">c:/Users/kerem/Desktop/SoC/LAB/LAB4TASKIP/ip_repo/multiplier_ip_1.0</xilinx:tag>
        <xilinx:tag xilinx:name="ui.data.coregen.df@3e16eec0_ARCHIVE_LOCATION">c:/Users/kerem/Desktop/SoC/LAB/LAB4TASKIP/ip_repo/multiplier_ip_1.0</xilinx:tag>
        <xilinx:tag xilinx:name="ui.data.coregen.df@736e0aa2_ARCHIVE_LOCATION">c:/Users/kerem/Desktop/SoC/LAB/LAB4TASKIP/ip_repo/multiplier_ip_1.0</xilinx:tag>
        <xilinx:tag xilinx:name="ui.data.coregen.df@7a1698e3_ARCHIVE_LOCATION">c:/Users/kerem/Desktop/SoC/LAB/LAB4TASKIP/ip_repo/multiplier_ip_1.0</xilinx:tag>
        <xilinx:tag xilinx:name="ui.data.coregen.df@675a529_ARCHIVE_LOCATION">c:/Users/kerem/Desktop/SoC/LAB/LAB4TASKIP/ip_repo/multiplier_ip_1.0</xilinx:tag>
        <xilinx:tag xilinx:name="ui.data.coregen.df@6ab7362f_ARCHIVE_LOCATION">c:/Users/kerem/Desktop/SoC/LAB/LAB4TASKIP/ip_repo/multiplier_ip_1.0</xilinx:tag>
        <xilinx:tag xilinx:name="ui.data.coregen.df@5370d82a_ARCHIVE_LOCATION">c:/Users/kerem/Desktop/SoC/LAB/LAB4TASKIP/ip_repo/multiplier_ip_1.0</xilinx:tag>
        <xilinx:tag xilinx:name="ui.data.coregen.df@a5afee1_ARCHIVE_LOCATION">c:/Users/kerem/Desktop/SoC/LAB/LAB4TASKIP/ip_repo/multiplier_ip_1.0</xilinx:tag>
        <xilinx:tag xilinx:name="ui.data.coregen.df@57b09078_ARCHIVE_LOCATION">c:/Users/kerem/Desktop/SoC/LAB/LAB4TASKIP/ip_repo/multiplier_ip_1.0</xilinx:tag>
        <xilinx:tag xilinx:name="ui.data.coregen.df@4029212b_ARCHIVE_LOCATION">c:/Users/kerem/Desktop/SoC/LAB/LAB4TASKIP/ip_repo/multiplier_ip_1.0</xilinx:tag>
        <xilinx:tag xilinx:name="ui.data.coregen.df@44fa2bc1_ARCHIVE_LOCATION">c:/Users/kerem/Desktop/SoC/LAB/LAB4TASKIP/ip_repo/multiplier_ip_1.0</xilinx:tag>
        <xilinx:tag xilinx:name="ui.data.coregen.df@78b2996f_ARCHIVE_LOCATION">c:/Users/kerem/Desktop/SoC/LAB/LAB4TASKIP/ip_repo/multiplier_ip_1.0</xilinx:tag>
        <xilinx:tag xilinx:name="ui.data.coregen.df@4fcda6db_ARCHIVE_LOCATION">c:/Users/kerem/Desktop/SoC/LAB/LAB4TASKIP/ip_repo/multiplier_ip_1.0</xilinx:tag>
        <xilinx:tag xilinx:name="ui.data.coregen.df@6a624923_ARCHIVE_LOCATION">c:/Users/kerem/Desktop/SoC/LAB/LAB4TASKIP/ip_repo/multiplier_ip_1.0</xilinx:tag>
        <xilinx:tag xilinx:name="ui.data.coregen.df@70d2ec3a_ARCHIVE_LOCATION">c:/Users/kerem/Desktop/SoC/LAB/LAB4TASKIP/ip_repo/multiplier_ip_1.0</xilinx:tag>
        <xilinx:tag xilinx:name="ui.data.coregen.df@2538569_ARCHIVE_LOCATION">c:/Users/kerem/Desktop/SoC/LAB/LAB4TASKIP/ip_repo/multiplier_ip_1.0</xilinx:tag>
        <xilinx:tag xilinx:name="ui.data.coregen.df@25836dc2_ARCHIVE_LOCATION">c:/Users/kerem/Desktop/SoC/LAB/LAB4TASKIP/ip_repo/multiplier_ip_1.0</xilinx:tag>
        <xilinx:tag xilinx:name="ui.data.coregen.df@49e58add_ARCHIVE_LOCATION">c:/Users/kerem/Desktop/SoC/LAB/LAB4TASKIP/ip_repo/multiplier_ip_1.0</xilinx:tag>
        <xilinx:tag xilinx:name="ui.data.coregen.df@2577556a_ARCHIVE_LOCATION">c:/Users/kerem/Desktop/SoC/LAB/LAB4TASKIP/ip_repo/multiplier_ip_1.0</xilinx:tag>
        <xilinx:tag xilinx:name="ui.data.coregen.df@7f2c2a5d_ARCHIVE_LOCATION">c:/Users/kerem/Desktop/SoC/LAB/LAB4TASKIP/ip_repo/multiplier_ip_1.0</xilinx:tag>
        <xilinx:tag xilinx:name="ui.data.coregen.df@6f017ce3_ARCHIVE_LOCATION">c:/Users/kerem/Desktop/SoC/LAB/LAB4TASKIP/ip_repo/multiplier_ip_1.0</xilinx:tag>
        <xilinx:tag xilinx:name="ui.data.coregen.df@793dc3da_ARCHIVE_LOCATION">c:/Users/kerem/Desktop/SoC/LAB/LAB4TASKIP/ip_repo/multiplier_ip_1.0</xilinx:tag>
        <xilinx:tag xilinx:name="ui.data.coregen.df@46cd5b20_ARCHIVE_LOCATION">c:/Users/kerem/Desktop/SoC/LAB/LAB4TASKIP/ip_repo/multiplier_ip_1.0</xilinx:tag>
        <xilinx:tag xilinx:name="ui.data.coregen.df@715b72e2_ARCHIVE_LOCATION">c:/Users/kerem/Desktop/SoC/LAB/LAB4TASKIP/ip_repo/multiplier_ip_1.0</xilinx:tag>
        <xilinx:tag xilinx:name="ui.data.coregen.df@745b973f_ARCHIVE_LOCATION">c:/Users/kerem/Desktop/SoC/LAB/LAB4TASKIP/ip_repo/multiplier_ip_1.0</xilinx:tag>
        <xilinx:tag xilinx:name="ui.data.coregen.df@5855afd6_ARCHIVE_LOCATION">c:/Users/kerem/Desktop/SoC/LAB/LAB4TASKIP/ip_repo/multiplier_ip_1.0</xilinx:tag>
        <xilinx:tag xilinx:name="ui.data.coregen.df@11cf678_ARCHIVE_LOCATION">c:/Users/kerem/Desktop/SoC/LAB/LAB4TASKIP/ip_repo/multiplier_ip_1.0</xilinx:tag>
        <xilinx:tag xilinx:name="ui.data.coregen.df@7b999ca9_ARCHIVE_LOCATION">c:/Users/kerem/Desktop/SoC/LAB/LAB4TASKIP/ip_repo/multiplier_ip_1.0</xilinx:tag>
        <xilinx:tag xilinx:name="ui.data.coregen.df@44b2253_ARCHIVE_LOCATION">c:/Users/kerem/Desktop/SoC/LAB/LAB4TASKIP/ip_repo/multiplier_ip_1.0</xilinx:tag>
        <xilinx:tag xilinx:name="ui.data.coregen.df@7d25684b_ARCHIVE_LOCATION">c:/Users/kerem/Desktop/SoC/LAB/LAB4TASKIP/ip_repo/multiplier_ip_1.0</xilinx:tag>
        <xilinx:tag xilinx:name="ui.data.coregen.df@507041c2_ARCHIVE_LOCATION">c:/Users/kerem/Desktop/SoC/LAB/LAB4TASKIP/ip_repo/multiplier_ip_1.0</xilinx:tag>
        <xilinx:tag xilinx:name="ui.data.coregen.df@74aef466_ARCHIVE_LOCATION">c:/Users/kerem/Desktop/SoC/LAB/LAB4TASKIP/ip_repo/multiplier_ip_1.0</xilinx:tag>
        <xilinx:tag xilinx:name="ui.data.coregen.df@e2bb34f_ARCHIVE_LOCATION">c:/Users/kerem/Desktop/SoC/LAB/LAB4TASKIP/ip_repo/multiplier_ip_1.0</xilinx:tag>
        <xilinx:tag xilinx:name="ui.data.coregen.df@7b1de5a4_ARCHIVE_LOCATION">c:/Users/kerem/Desktop/SoC/LAB/LAB4TASKIP/ip_repo/multiplier_ip_1.0</xilinx:tag>
        <xilinx:tag xilinx:name="ui.data.coregen.df@26bf7041_ARCHIVE_LOCATION">c:/Users/kerem/Desktop/SoC/LAB/LAB4TASKIP/ip_repo/multiplier_ip_1.0</xilinx:tag>
        <xilinx:tag xilinx:name="ui.data.coregen.df@65e46c16_ARCHIVE_LOCATION">c:/Users/kerem/Desktop/SoC/LAB/LAB4TASKIP/ip_repo/multiplier_ip_1.0</xilinx:tag>
        <xilinx:tag xilinx:name="ui.data.coregen.df@293a4e6a_ARCHIVE_LOCATION">c:/Users/kerem/Desktop/SoC/LAB/LAB4TASKIP/ip_repo/multiplier_ip_1.0</xilinx:tag>
        <xilinx:tag xilinx:name="ui.data.coregen.df@a64fb65_ARCHIVE_LOCATION">c:/Users/kerem/Desktop/SoC/LAB/LAB4TASKIP/ip_repo/multiplier_ip_1.0</xilinx:tag>
        <xilinx:tag xilinx:name="ui.data.coregen.df@9ef9adb_ARCHIVE_LOCATION">c:/Users/kerem/Desktop/SoC/LAB/LAB4TASKIP/ip_repo/multiplier_ip_1.0</xilinx:tag>
        <xilinx:tag xilinx:name="ui.data.coregen.df@5784dab2_ARCHIVE_LOCATION">c:/Users/kerem/Desktop/SoC/LAB/LAB4TASKIP/ip_repo/multiplier_ip_1.0</xilinx:tag>
        <xilinx:tag xilinx:name="ui.data.coregen.df@2cc7ba95_ARCHIVE_LOCATION">c:/Users/kerem/Desktop/SoC/LAB/LAB4TASKIP/ip_repo/multiplier_ip_1.0</xilinx:tag>
        <xilinx:tag xilinx:name="ui.data.coregen.df@1379a6f9_ARCHIVE_LOCATION">c:/Users/kerem/Desktop/SoC/LAB/LAB4TASKIP/ip_repo/multiplier_ip_1.0</xilinx:tag>
        <xilinx:tag xilinx:name="ui.data.coregen.df@78cc2c4_ARCHIVE_LOCATION">c:/Users/kerem/Desktop/SoC/LAB/LAB4TASKIP/ip_repo/multiplier_ip_1.0</xilinx:tag>
        <xilinx:tag xilinx:name="ui.data.coregen.df@a730cd6_ARCHIVE_LOCATION">c:/Users/kerem/Desktop/SoC/LAB/LAB4TASKIP/ip_repo/multiplier_ip_1.0</xilinx:tag>
        <xilinx:tag xilinx:name="ui.data.coregen.df@631c7294_ARCHIVE_LOCATION">c:/Users/kerem/Desktop/SoC/LAB/LAB4TASKIP/ip_repo/multiplier_ip_1.0</xilinx:tag>
        <xilinx:tag xilinx:name="ui.data.coregen.df@3565058d_ARCHIVE_LOCATION">c:/Users/kerem/Desktop/SoC/LAB/LAB4TASKIP/ip_repo/multiplier_ip_1.0</xilinx:tag>
        <xilinx:tag xilinx:name="ui.data.coregen.df@71795fc4_ARCHIVE_LOCATION">c:/Users/kerem/Desktop/SoC/LAB/LAB4TASKIP/ip_repo/multiplier_ip_1.0</xilinx:tag>
        <xilinx:tag xilinx:name="ui.data.coregen.df@20a6ca3e_ARCHIVE_LOCATION">c:/Users/kerem/Desktop/SoC/LAB/LAB4TASKIP/ip_repo/multiplier_ip_1.0</xilinx:tag>
        <xilinx:tag xilinx:name="ui.data.coregen.df@4ad8b143_ARCHIVE_LOCATION">c:/Users/kerem/Desktop/SoC/LAB/LAB4TASKIP/ip_repo/multiplier_ip_1.0</xilinx:tag>
        <xilinx:tag xilinx:name="ui.data.coregen.df@22da2dc2_ARCHIVE_LOCATION">c:/Users/kerem/Desktop/SoC/LAB/LAB4TASKIP/ip_repo/multiplier_ip_1.0</xilinx:tag>
        <xilinx:tag xilinx:name="ui.data.coregen.df@78ef15b5_ARCHIVE_LOCATION">c:/Users/kerem/Desktop/SoC/LAB/LAB4TASKIP/ip_repo/multiplier_ip_1.0</xilinx:tag>
        <xilinx:tag xilinx:name="ui.data.coregen.df@3d29edb7_ARCHIVE_LOCATION">c:/Users/kerem/Desktop/SoC/LAB/LAB4TASKIP/ip_repo/multiplier_ip_1.0</xilinx:tag>
        <xilinx:tag xilinx:name="ui.data.coregen.df@2a609977_ARCHIVE_LOCATION">c:/Users/kerem/Desktop/SoC/LAB/LAB4TASKIP/ip_repo/multiplier_ip_1.0</xilinx:tag>
        <xilinx:tag xilinx:name="ui.data.coregen.df@db08341_ARCHIVE_LOCATION">c:/Users/kerem/Desktop/SoC/LAB/LAB4TASKIP/ip_repo/multiplier_ip_1.0</xilinx:tag>
        <xilinx:tag xilinx:name="ui.data.coregen.df@f6b6545_ARCHIVE_LOCATION">c:/Users/kerem/Desktop/SoC/LAB/LAB4TASKIP/ip_repo/multiplier_ip_1.0</xilinx:tag>
        <xilinx:tag xilinx:name="ui.data.coregen.df@bd5204f_ARCHIVE_LOCATION">c:/Users/kerem/Desktop/SoC/LAB/LAB4TASKIP/ip_repo/multiplier_ip_1.0</xilinx:tag>
        <xilinx:tag xilinx:name="ui.data.coregen.df@28fdcff1_ARCHIVE_LOCATION">c:/Users/kerem/Desktop/SoC/LAB/LAB4TASKIP/ip_repo/multiplier_ip_1.0</xilinx:tag>
        <xilinx:tag xilinx:name="ui.data.coregen.df@19c33d6d_ARCHIVE_LOCATION">c:/Users/kerem/Desktop/SoC/LAB/LAB4TASKIP/ip_repo/multiplier_ip_1.0</xilinx:tag>
        <xilinx:tag xilinx:name="ui.data.coregen.df@1bbc61e3_ARCHIVE_LOCATION">c:/Users/kerem/Desktop/SoC/LAB/LAB4TASKIP/ip_repo/multiplier_ip_1.0</xilinx:tag>
        <xilinx:tag xilinx:name="ui.data.coregen.df@5ddb000c_ARCHIVE_LOCATION">c:/Users/kerem/Desktop/SoC/LAB/LAB4TASKIP/ip_repo/multiplier_ip_1.0</xilinx:tag>
        <xilinx:tag xilinx:name="ui.data.coregen.df@5ac399f_ARCHIVE_LOCATION">c:/Users/kerem/Desktop/SoC/LAB/LAB4TASKIP/ip_repo/multiplier_ip_1.0</xilinx:tag>
        <xilinx:tag xilinx:name="ui.data.coregen.df@60d69221_ARCHIVE_LOCATION">c:/Users/kerem/Desktop/SoC/LAB/LAB4TASKIP/ip_repo/multiplier_ip_1.0</xilinx:tag>
        <xilinx:tag xilinx:name="ui.data.coregen.df@f7c04ce_ARCHIVE_LOCATION">c:/Users/kerem/Desktop/SoC/LAB/LAB4TASKIP/ip_repo/multiplier_ip_1.0</xilinx:tag>
        <xilinx:tag xilinx:name="ui.data.coregen.df@3cf709b1_ARCHIVE_LOCATION">c:/Users/kerem/Desktop/SoC/LAB/LAB4TASKIP/ip_repo/multiplier_ip_1.0</xilinx:tag>
        <xilinx:tag xilinx:name="ui.data.coregen.df@35175b2a_ARCHIVE_LOCATION">c:/Users/kerem/Desktop/SoC/LAB/LAB4TASKIP/ip_repo/multiplier_ip_1.0</xilinx:tag>
        <xilinx:tag xilinx:name="ui.data.coregen.df@36f5e010_ARCHIVE_LOCATION">c:/Users/kerem/Desktop/SoC/LAB/LAB4TASKIP/ip_repo/multiplier_ip_1.0</xilinx:tag>
        <xilinx:tag xilinx:name="ui.data.coregen.df@3c2f7250_ARCHIVE_LOCATION">c:/Users/kerem/Desktop/SoC/LAB/LAB4TASKIP/ip_repo/multiplier_ip_1.0</xilinx:tag>
        <xilinx:tag xilinx:name="ui.data.coregen.df@506592ab_ARCHIVE_LOCATION">c:/Users/kerem/Desktop/SoC/LAB/LAB4TASKIP/ip_repo/multiplier_ip_1.0</xilinx:tag>
        <xilinx:tag xilinx:name="ui.data.coregen.df@39ac4a47_ARCHIVE_LOCATION">c:/Users/kerem/Desktop/SoC/LAB/LAB4TASKIP/ip_repo/multiplier_ip_1.0</xilinx:tag>
        <xilinx:tag xilinx:name="ui.data.coregen.df@60c1dde9_ARCHIVE_LOCATION">c:/Users/kerem/Desktop/SoC/LAB/LAB4TASKIP/ip_repo/multiplier_ip_1.0</xilinx:tag>
        <xilinx:tag xilinx:name="ui.data.coregen.df@55797128_ARCHIVE_LOCATION">c:/Users/kerem/Desktop/SoC/LAB/LAB4TASKIP/ip_repo/multiplier_ip_1.0</xilinx:tag>
        <xilinx:tag xilinx:name="ui.data.coregen.df@6aa798a5_ARCHIVE_LOCATION">c:/Users/kerem/Desktop/SoC/LAB/LAB4TASKIP/ip_repo/multiplier_ip_1.0</xilinx:tag>
        <xilinx:tag xilinx:name="ui.data.coregen.df@4e054ea5_ARCHIVE_LOCATION">c:/Users/kerem/Desktop/SoC/LAB/LAB4TASKIP/ip_repo/multiplier_ip_1.0</xilinx:tag>
        <xilinx:tag xilinx:name="ui.data.coregen.df@342ed85a_ARCHIVE_LOCATION">c:/Users/kerem/Desktop/SoC/LAB/LAB4TASKIP/ip_repo/multiplier_ip_1.0</xilinx:tag>
        <xilinx:tag xilinx:name="ui.data.coregen.df@3ca3329a_ARCHIVE_LOCATION">c:/Users/kerem/Desktop/SoC/LAB/LAB4TASKIP/ip_repo/multiplier_ip_1.0</xilinx:tag>
        <xilinx:tag xilinx:name="ui.data.coregen.df@78e1cd4a_ARCHIVE_LOCATION">c:/Users/kerem/Desktop/SoC/LAB/LAB4TASKIP/ip_repo/multiplier_ip_1.0</xilinx:tag>
        <xilinx:tag xilinx:name="ui.data.coregen.df@729cf539_ARCHIVE_LOCATION">c:/Users/kerem/Desktop/SoC/LAB/LAB4TASKIP/ip_repo/multiplier_ip_1.0</xilinx:tag>
        <xilinx:tag xilinx:name="ui.data.coregen.df@7d36f929_ARCHIVE_LOCATION">c:/Users/kerem/Desktop/SoC/LAB/LAB4TASKIP/ip_repo/multiplier_ip_1.0</xilinx:tag>
        <xilinx:tag xilinx:name="ui.data.coregen.df@1336103d_ARCHIVE_LOCATION">c:/Users/kerem/Desktop/SoC/LAB/LAB4TASKIP/ip_repo/multiplier_ip_1.0</xilinx:tag>
        <xilinx:tag xilinx:name="ui.data.coregen.df@286d2299_ARCHIVE_LOCATION">c:/Users/kerem/Desktop/SoC/LAB/LAB4TASKIP/ip_repo/multiplier_ip_1.0</xilinx:tag>
        <xilinx:tag xilinx:name="ui.data.coregen.df@6649ab43_ARCHIVE_LOCATION">c:/Users/kerem/Desktop/SoC/LAB/LAB4TASKIP/ip_repo/multiplier_ip_1.0</xilinx:tag>
        <xilinx:tag xilinx:name="ui.data.coregen.df@148336f1_ARCHIVE_LOCATION">c:/Users/kerem/Desktop/SoC/LAB/LAB4TASKIP/ip_repo/multiplier_ip_1.0</xilinx:tag>
        <xilinx:tag xilinx:name="ui.data.coregen.df@64fa5b5b_ARCHIVE_LOCATION">c:/Users/kerem/Desktop/SoC/LAB/LAB4TASKIP/ip_repo/multiplier_ip_1.0</xilinx:tag>
        <xilinx:tag xilinx:name="ui.data.coregen.df@a3c83ac_ARCHIVE_LOCATION">c:/Users/kerem/Desktop/SoC/LAB/LAB4TASKIP/ip_repo/multiplier_ip_1.0</xilinx:tag>
        <xilinx:tag xilinx:name="ui.data.coregen.df@4da6f176_ARCHIVE_LOCATION">c:/Users/kerem/Desktop/SoC/LAB/LAB4TASKIP/ip_repo/multiplier_ip_1.0</xilinx:tag>
        <xilinx:tag xilinx:name="ui.data.coregen.df@3a6e229f_ARCHIVE_LOCATION">c:/Users/kerem/Desktop/SoC/LAB/LAB4TASKIP/ip_repo/multiplier_ip_1.0</xilinx:tag>
        <xilinx:tag xilinx:name="ui.data.coregen.df@74f4743c_ARCHIVE_LOCATION">c:/Users/kerem/Desktop/SoC/LAB/LAB4TASKIP/ip_repo/multiplier_ip_1.0</xilinx:tag>
        <xilinx:tag xilinx:name="ui.data.coregen.df@33451c80_ARCHIVE_LOCATION">c:/Users/kerem/Desktop/SoC/LAB/LAB4TASKIP/ip_repo/multiplier_ip_1.0</xilinx:tag>
        <xilinx:tag xilinx:name="ui.data.coregen.df@31b8bbf4_ARCHIVE_LOCATION">c:/Users/kerem/Desktop/SoC/LAB/LAB4TASKIP/ip_repo/multiplier_ip_1.0</xilinx:tag>
        <xilinx:tag xilinx:name="ui.data.coregen.df@79862ffa_ARCHIVE_LOCATION">c:/Users/kerem/Desktop/SoC/LAB/LAB4TASKIP/ip_repo/multiplier_ip_1.0</xilinx:tag>
        <xilinx:tag xilinx:name="ui.data.coregen.df@57a20de7_ARCHIVE_LOCATION">c:/Users/kerem/Desktop/SoC/LAB/LAB4TASKIP/ip_repo/multiplier_ip_1.0</xilinx:tag>
        <xilinx:tag xilinx:name="ui.data.coregen.df@6e0d2b48_ARCHIVE_LOCATION">c:/Users/kerem/Desktop/SoC/LAB/LAB4TASKIP/ip_repo/multiplier_ip_1.0</xilinx:tag>
      </xilinx:tags>
    </xilinx:coreExtensions>
    <xilinx:packagingInfo>
      <xilinx:xilinxVersion>2021.1</xilinx:xilinxVersion>
      <xilinx:checksum xilinx:scope="busInterfaces" xilinx:value="5b7e3587"/>
      <xilinx:checksum xilinx:scope="memoryMaps" xilinx:value="c30980da"/>
      <xilinx:checksum xilinx:scope="fileGroups" xilinx:value="3323b6a7"/>
      <xilinx:checksum xilinx:scope="ports" xilinx:value="441dbe91"/>
      <xilinx:checksum xilinx:scope="hdlParameters" xilinx:value="2b017daa"/>
      <xilinx:checksum xilinx:scope="parameters" xilinx:value="17939ce4"/>
    </xilinx:packagingInfo>
  </spirit:vendorExtensions>
</spirit:component>
