<?xml version="1.0" encoding="UTF-8"?>
<GenRun Id="impl_1" LaunchPart="xc7z020clg484-1" LaunchTime="1647248060">
  <File Type="ROUTE-PWR" Name="mod_mul_with_oled_power_routed.rpt"/>
  <File Type="PA-TCL" Name="mod_mul_with_oled.tcl"/>
  <File Type="BITSTR-MMI" Name="mod_mul_with_oled.mmi"/>
  <File Type="OPT-METHODOLOGY-DRC" Name="mod_mul_with_oled_methodology_drc_opted.rpt"/>
  <File Type="INIT-TIMING" Name="mod_mul_with_oled_timing_summary_init.rpt"/>
  <File Type="ROUTE-PWR-SUM" Name="mod_mul_with_oled_power_summary_routed.pb"/>
  <File Type="REPORTS-TCL" Name="mod_mul_with_oled_reports.tcl"/>
  <File Type="OPT-TIMING" Name="mod_mul_with_oled_timing_summary_opted.rpt"/>
  <File Type="OPT-DCP" Name="mod_mul_with_oled_opt.dcp"/>
  <File Type="OPT-DRC" Name="mod_mul_with_oled_drc_opted.rpt"/>
  <File Type="OPT-HWDEF" Name="mod_mul_with_oled.hwdef"/>
  <File Type="PWROPT-DCP" Name="mod_mul_with_oled_pwropt.dcp"/>
  <File Type="PWROPT-DRC" Name="mod_mul_with_oled_drc_pwropted.rpt"/>
  <File Type="PWROPT-TIMING" Name="mod_mul_with_oled_timing_summary_pwropted.rpt"/>
  <File Type="PLACE-DCP" Name="mod_mul_with_oled_placed.dcp"/>
  <File Type="PLACE-IO" Name="mod_mul_with_oled_io_placed.rpt"/>
  <File Type="PLACE-CLK" Name="mod_mul_with_oled_clock_utilization_placed.rpt"/>
  <File Type="PLACE-UTIL" Name="mod_mul_with_oled_utilization_placed.rpt"/>
  <File Type="PLACE-UTIL-PB" Name="mod_mul_with_oled_utilization_placed.pb"/>
  <File Type="PLACE-CTRL" Name="mod_mul_with_oled_control_sets_placed.rpt"/>
  <File Type="PLACE-SIMILARITY" Name="mod_mul_with_oled_incremental_reuse_placed.rpt"/>
  <File Type="PLACE-PRE-SIMILARITY" Name="mod_mul_with_oled_incremental_reuse_pre_placed.rpt"/>
  <File Type="BG-BIN" Name="mod_mul_with_oled.bin"/>
  <File Type="PLACE-TIMING" Name="mod_mul_with_oled_timing_summary_placed.rpt"/>
  <File Type="POSTPLACE-PWROPT-DCP" Name="mod_mul_with_oled_postplace_pwropt.dcp"/>
  <File Type="BITSTR-MSK" Name="mod_mul_with_oled.msk"/>
  <File Type="POSTPLACE-PWROPT-TIMING" Name="mod_mul_with_oled_timing_summary_postplace_pwropted.rpt"/>
  <File Type="PHYSOPT-DCP" Name="mod_mul_with_oled_physopt.dcp"/>
  <File Type="PHYSOPT-DRC" Name="mod_mul_with_oled_drc_physopted.rpt"/>
  <File Type="BITSTR-RBT" Name="mod_mul_with_oled.rbt"/>
  <File Type="PHYSOPT-TIMING" Name="mod_mul_with_oled_timing_summary_physopted.rpt"/>
  <File Type="ROUTE-ERROR-DCP" Name="mod_mul_with_oled_routed_error.dcp"/>
  <File Type="ROUTE-DCP" Name="mod_mul_with_oled_routed.dcp"/>
  <File Type="ROUTE-BLACKBOX-DCP" Name="mod_mul_with_oled_routed_bb.dcp"/>
  <File Type="ROUTE-DRC" Name="mod_mul_with_oled_drc_routed.rpt"/>
  <File Type="ROUTE-DRC-PB" Name="mod_mul_with_oled_drc_routed.pb"/>
  <File Type="ROUTE-DRC-RPX" Name="mod_mul_with_oled_drc_routed.rpx"/>
  <File Type="ROUTE-METHODOLOGY-DRC" Name="mod_mul_with_oled_methodology_drc_routed.rpt"/>
  <File Type="ROUTE-METHODOLOGY-DRC-RPX" Name="mod_mul_with_oled_methodology_drc_routed.rpx"/>
  <File Type="ROUTE-METHODOLOGY-DRC-PB" Name="mod_mul_with_oled_methodology_drc_routed.pb"/>
  <File Type="ROUTE-PWR-RPX" Name="mod_mul_with_oled_power_routed.rpx"/>
  <File Type="ROUTE-STATUS" Name="mod_mul_with_oled_route_status.rpt"/>
  <File Type="ROUTE-STATUS-PB" Name="mod_mul_with_oled_route_status.pb"/>
  <File Type="ROUTE-TIMINGSUMMARY" Name="mod_mul_with_oled_timing_summary_routed.rpt"/>
  <File Type="ROUTE-TIMING-PB" Name="mod_mul_with_oled_timing_summary_routed.pb"/>
  <File Type="ROUTE-TIMING-RPX" Name="mod_mul_with_oled_timing_summary_routed.rpx"/>
  <File Type="ROUTE-SIMILARITY" Name="mod_mul_with_oled_incremental_reuse_routed.rpt"/>
  <File Type="ROUTE-CLK" Name="mod_mul_with_oled_clock_utilization_routed.rpt"/>
  <File Type="ROUTE-BUS-SKEW" Name="mod_mul_with_oled_bus_skew_routed.rpt"/>
  <File Type="ROUTE-BUS-SKEW-PB" Name="mod_mul_with_oled_bus_skew_routed.pb"/>
  <File Type="ROUTE-BUS-SKEW-RPX" Name="mod_mul_with_oled_bus_skew_routed.rpx"/>
  <File Type="POSTROUTE-PHYSOPT-DCP" Name="mod_mul_with_oled_postroute_physopt.dcp"/>
  <File Type="POSTROUTE-PHYSOPT-BLACKBOX-DCP" Name="mod_mul_with_oled_postroute_physopt_bb.dcp"/>
  <File Type="POSTROUTE-PHYSOPT-TIMING" Name="mod_mul_with_oled_timing_summary_postroute_physopted.rpt"/>
  <File Type="POSTROUTE-PHYSOPT-TIMING-PB" Name="mod_mul_with_oled_timing_summary_postroute_physopted.pb"/>
  <File Type="POSTROUTE-PHYSOPT-TIMING-RPX" Name="mod_mul_with_oled_timing_summary_postroute_physopted.rpx"/>
  <File Type="POSTROUTE-PHYSOPT-BUS-SKEW" Name="mod_mul_with_oled_bus_skew_postroute_physopted.rpt"/>
  <File Type="BG-BIT" Name="mod_mul_with_oled.bit"/>
  <File Type="POSTROUTE-PHYSOPT-BUS-SKEW-PB" Name="mod_mul_with_oled_bus_skew_postroute_physopted.pb"/>
  <File Type="POSTROUTE-PHYSOPT-BUS-SKEW-RPX" Name="mod_mul_with_oled_bus_skew_postroute_physopted.rpx"/>
  <File Type="BITSTR-NKY" Name="mod_mul_with_oled.nky"/>
  <File Type="BITSTR-BMM" Name="mod_mul_with_oled_bd.bmm"/>
  <File Type="PDI-FILE" Name="mod_mul_with_oled.pdi"/>
  <File Type="RCFI_FILE" Name="mod_mul_with_oled.rcfi"/>
  <File Type="CFI_FILE" Name="mod_mul_with_oled.cfi"/>
  <File Type="RNPI_FILE" Name="mod_mul_with_oled.rnpi"/>
  <File Type="NPI_FILE" Name="mod_mul_with_oled.npi"/>
  <File Type="RBD_FILE" Name="mod_mul_with_oled.rbd"/>
  <File Type="BITSTR-LTX" Name="debug_nets.ltx"/>
  <File Type="BITSTR-LTX" Name="mod_mul_with_oled.ltx"/>
  <File Type="BITSTR-SYSDEF" Name="mod_mul_with_oled.sysdef"/>
  <File Type="BG-BGN" Name="mod_mul_with_oled.bgn"/>
  <File Type="BG-DRC" Name="mod_mul_with_oled.drc"/>
  <File Type="RDI-RDI" Name="mod_mul_with_oled.vdi"/>
  <File Type="WBT-USG" Name="usage_statistics_webtalk.html"/>
  <FileSet Name="sources" Type="DesignSrcs" RelSrcDir="$PSRCDIR/sources_1" RelGenDir="$PGENDIR/sources_1">
    <Filter Type="Srcs"/>
    <File Path="$PPRDIR/lab2_template/ModPro.vhd">
      <FileInfo>
        <Attr Name="UsedIn" Val="synthesis"/>
        <Attr Name="UsedIn" Val="simulation"/>
      </FileInfo>
    </File>
    <File Path="$PPRDIR/lab2_template/ascii_rom.vhd">
      <FileInfo>
        <Attr Name="UsedIn" Val="synthesis"/>
        <Attr Name="UsedIn" Val="simulation"/>
      </FileInfo>
    </File>
    <File Path="$PPRDIR/lab2_template/bcd_ascii.vhd">
      <FileInfo>
        <Attr Name="UsedIn" Val="synthesis"/>
        <Attr Name="UsedIn" Val="simulation"/>
      </FileInfo>
    </File>
    <File Path="$PPRDIR/lab2_template/debounce.vhd">
      <FileInfo>
        <Attr Name="UsedIn" Val="synthesis"/>
        <Attr Name="UsedIn" Val="simulation"/>
      </FileInfo>
    </File>
    <File Path="$PPRDIR/lab2_template/delay.vhd">
      <FileInfo>
        <Attr Name="UsedIn" Val="synthesis"/>
        <Attr Name="UsedIn" Val="simulation"/>
      </FileInfo>
    </File>
    <File Path="$PPRDIR/lab2_template/oled_drive.vhd">
      <FileInfo>
        <Attr Name="UsedIn" Val="synthesis"/>
        <Attr Name="UsedIn" Val="simulation"/>
      </FileInfo>
    </File>
    <File Path="$PPRDIR/lab2_template/oled_init.vhd">
      <FileInfo>
        <Attr Name="UsedIn" Val="synthesis"/>
        <Attr Name="UsedIn" Val="simulation"/>
      </FileInfo>
    </File>
    <File Path="$PPRDIR/lab2_template/spi_ctrl.vhd">
      <FileInfo>
        <Attr Name="UsedIn" Val="synthesis"/>
        <Attr Name="UsedIn" Val="simulation"/>
      </FileInfo>
    </File>
    <File Path="$PPRDIR/lab2_template/mod_mul_with_oled.vhd">
      <FileInfo>
        <Attr Name="UsedIn" Val="synthesis"/>
        <Attr Name="UsedIn" Val="simulation"/>
      </FileInfo>
    </File>
    <Config>
      <Option Name="DesignMode" Val="RTL"/>
      <Option Name="TopModule" Val="mod_mul_with_oled"/>
      <Option Name="TopAutoSet" Val="TRUE"/>
    </Config>
  </FileSet>
  <FileSet Name="constrs_in" Type="Constrs" RelSrcDir="$PSRCDIR/constrs_1">
    <Filter Type="Constrs"/>
    <File Path="$PSRCDIR/constrs_1/new/constrains.xdc">
      <FileInfo>
        <Attr Name="UsedIn" Val="synthesis"/>
        <Attr Name="UsedIn" Val="implementation"/>
      </FileInfo>
    </File>
    <Config>
      <Option Name="ConstrsType" Val="XDC"/>
    </Config>
  </FileSet>
  <FileSet Name="utils" Type="Utils" RelSrcDir="$PSRCDIR/utils_1">
    <Filter Type="Utils"/>
    <Config>
      <Option Name="TopAutoSet" Val="TRUE"/>
    </Config>
  </FileSet>
  <Strategy Version="1" Minor="2">
    <StratHandle Name="Vivado Implementation Defaults" Flow="Vivado Implementation 2021"/>
    <Step Id="init_design"/>
    <Step Id="opt_design"/>
    <Step Id="power_opt_design"/>
    <Step Id="place_design"/>
    <Step Id="post_place_power_opt_design"/>
    <Step Id="phys_opt_design"/>
    <Step Id="route_design"/>
    <Step Id="post_route_phys_opt_design"/>
    <Step Id="write_bitstream"/>
  </Strategy>
</GenRun>
