<?xml version="1.0" encoding="UTF-8"?>
<GenRun Id="synth_1" LaunchPart="xc7z020clg484-1" LaunchTime="1650231267">
  <File Type="PA-TCL" Name="multiplier_ip_v1_0.tcl"/>
  <File Type="RDS-PROPCONSTRS" Name="multiplier_ip_v1_0_drc_synth.rpt"/>
  <File Type="REPORTS-TCL" Name="multiplier_ip_v1_0_reports.tcl"/>
  <File Type="RDS-RDS" Name="multiplier_ip_v1_0.vds"/>
  <File Type="RDS-UTIL" Name="multiplier_ip_v1_0_utilization_synth.rpt"/>
  <File Type="RDS-UTIL-PB" Name="multiplier_ip_v1_0_utilization_synth.pb"/>
  <File Type="RDS-DCP" Name="multiplier_ip_v1_0.dcp"/>
  <File Type="VDS-TIMINGSUMMARY" Name="multiplier_ip_v1_0_timing_summary_synth.rpt"/>
  <File Type="VDS-TIMING-PB" Name="multiplier_ip_v1_0_timing_summary_synth.pb"/>
  <FileSet Name="sources" Type="DesignSrcs" RelSrcDir="$PSRCDIR/sources_1" RelGenDir="$PGENDIR/sources_1">
    <Filter Type="Srcs"/>
    <File Path="$PPRDIR/../../../../../../../../../Users/kerem/Desktop/SoC/LAB/LAB5TASKIP/ip_repo/multiplier_ip_1.0/src/lab4_user_logic.vhd">
      <FileInfo>
        <Attr Name="Library" Val="xil_defaultlib"/>
        <Attr Name="UsedIn" Val="synthesis"/>
        <Attr Name="UsedIn" Val="simulation"/>
      </FileInfo>
    </File>
    <File Path="$PPRDIR/../../../../../../../../../Users/kerem/Desktop/SoC/LAB/LAB5TASKIP/ip_repo/multiplier_ip_1.0/src/lab5_ip.vhd">
      <FileInfo>
        <Attr Name="UsedIn" Val="synthesis"/>
        <Attr Name="UsedIn" Val="simulation"/>
      </FileInfo>
    </File>
    <File Path="$PPRDIR/../../../../../../../../../Users/kerem/Desktop/SoC/LAB/LAB5TASKIP/ip_repo/multiplier_ip_1.0/hdl/multiplier_ip_v1_0_S_AXI.vhd">
      <FileInfo>
        <Attr Name="Library" Val="xil_defaultlib"/>
        <Attr Name="UsedIn" Val="synthesis"/>
        <Attr Name="UsedIn" Val="simulation"/>
      </FileInfo>
    </File>
    <File Path="$PPRDIR/../../../../../../../../../Users/kerem/Desktop/SoC/LAB/LAB5TASKIP/ip_repo/multiplier_ip_1.0/hdl/multiplier_ip_v1_0.vhd">
      <FileInfo>
        <Attr Name="Library" Val="xil_defaultlib"/>
        <Attr Name="UsedIn" Val="synthesis"/>
        <Attr Name="UsedIn" Val="simulation"/>
      </FileInfo>
    </File>
    <File Path="$PPRDIR/../../../../../../../../../Users/kerem/Desktop/SoC/LAB/LAB5TASKIP/ip_repo/multiplier_ip_1.0/component.xml">
      <FileInfo SFType="IPXACT"/>
    </File>
    <Config>
      <Option Name="DesignMode" Val="RTL"/>
      <Option Name="TopModule" Val="multiplier_ip_v1_0"/>
      <Option Name="TopRTLFile" Val="$PPRDIR/../../../../../../../../../Users/kerem/Desktop/SoC/LAB/LAB5TASKIP/ip_repo/multiplier_ip_1.0/hdl/multiplier_ip_v1_0.vhd"/>
    </Config>
  </FileSet>
  <FileSet Name="constrs_in" Type="Constrs" RelSrcDir="$PSRCDIR/constrs_1">
    <Filter Type="Constrs"/>
    <Config>
      <Option Name="ConstrsType" Val="XDC"/>
    </Config>
  </FileSet>
  <FileSet Name="utils" Type="Utils" RelSrcDir="$PSRCDIR/utils_1">
    <Filter Type="Utils"/>
    <Config>
      <Option Name="TopAutoSet" Val="TRUE"/>
    </Config>
  </FileSet>
  <Strategy Version="1" Minor="2">
    <StratHandle Name="Vivado Synthesis Defaults" Flow="Vivado Synthesis 2021">
      <Desc>Vivado Synthesis Defaults</Desc>
    </StratHandle>
    <Step Id="synth_design"/>
  </Strategy>
</GenRun>
